num_mvs_per_dweling_2_mvs, num_mvs_per_dweling_1_mvs, num_mvs_per_dweling_3_mvs, lga_code_2016, num_mvs_per_dweling_tot, lga_name16, num_mvs_per_dweling_0_mvs, num_mvs_per_dweling_4mo_mvs
7047,7433,2048,"10050",18977,"Albury (C)",1562,886
3554,3903,1182,"10130",10031,"Armidale Regional (A)",784,614
6248,6261,1709,"10250",15921,"Ballina (A)",917,787
302,241,124,"10300",810,"Balranald (A)",69,73
5245,4795,1934,"10470",13982,"Bathurst Regional (A)",926,1076
5097,5101,1549,"10550",12974,"Bega Valley (A)",599,623
1856,1990,550,"10600",4882,"Bellingen (A)",236,247
1145,1254,402,"10650",3163,"Berrigan (A)",164,204
38481,32959,12869,"10750",97805,"Blacktown (C)",7174,6320
769,714,341,"10800",2115,"Bland (A)",111,181
985,762,428,"10850",2525,"Blayney (A)",98,257
10490,10818,3245,"10900",28192,"Blue Mountains (C)",1900,1735
338,314,133,"10950",939,"Bogan (A)",80,76
4712,7070,1126,"11100",15911,"Botany Bay (C)",2554,455
264,358,74,"11150",856,"Bourke (A)",112,51
114,208,51,"11200",543,"Brewarrina (A)",132,33
2289,3043,642,"11250",6938,"Broken Hill (C)",706,254
2515,2358,999,"13910",6808,"Hilltops (A)",394,536
17973,16669,5555,"14000",46258,"Hornsby (A)",3005,3056
1859,1421,507,"14100",4473,"Hunters Hill (A)",376,309
16752,33915,3132,"14170",67109,"Inner West (A)",12138,1177
2139,2130,764,"14200",5896,"Inverell (A)",422,438
680,584,289,"14300",1819,"Junee (A)",104,168
3730,4099,1286,"14350",10427,"Kempsey (A)",681,631
3244,2489,1041,"14400",7681,"Kiama (A)",331,568
16919,12388,5000,"14500",38048,"Ku-ring-gai (A)",1574,2158
1268,1393,397,"14550",3430,"Kyogle (A)",172,205
772,737,297,"14600",2105,"Lachlan (A)",131,171
28103,24300,9448,"14650",71052,"Lake Macquarie (C)",4246,4960
4515,6319,960,"14700",13349,"Lane Cove (A)",1186,375
1452,1206,539,"14750",3708,"Leeton (A)",199,309
5732,6075,1917,"14850",15692,"Lismore (C)",1073,901
2568,2733,954,"14870",7549,"Lithgow (C)",714,574
21542,17020,8467,"14900",56682,"Liverpool (C)",4589,5063
981,1003,414,"14920",2814,"Liverpool Plains (A)",184,234
423,338,161,"14950",1089,"Lockhart (A)",36,131
11016,8648,3622,"15050",26605,"Maitland (C)",1395,1928
12653,14834,3855,"15240",35280,"Mid-Coast (A)",2176,1758
3378,2796,1220,"15270",8461,"Mid-Western Regional (A)",438,632
1612,1533,567,"15300",4420,"Moree Plains (A)",379,327
3505,5092,829,"15350",10899,"Mosman (A)",1142,331
1794,1484,570,"15520",4399,"Murray River (A)",213,328
491,425,204,"15560",1315,"Murrumbidgee (A)",56,144
2188,1946,690,"15650",5572,"Muswellbrook (A)",394,362
2624,3376,739,"15700",7592,"Nambucca (A)",501,359
1662,1472,698,"15750",4521,"Narrabri (A)",271,418
739,724,272,"15800",2041,"Narrandera (A)",142,162
786,720,362,"15850",2211,"Narromine (A)",146,191
21274,22833,6028,"15900",58416,"Newcastle (C)",5628,2659
6569,16555,997,"15950",29887,"North Sydney (A)",5399,360
34186,31111,9892,"15990",86075,"Northern Beaches (A)",5900,4985
707,534,308,"16100",1816,"Oberon (A)",75,193
5523,5367,1599,"16150",14253,"Orange (C)",1039,718
1821,1831,665,"16200",5101,"Parkes (A)",392,382
25022,31749,6386,"16260",74238,"Parramatta (C)",8161,2908
23700,19825,8680,"16350",61766,"Penrith (C)",3916,5641
17644,27032,4424,"25250",59541,"Moreland (C)",8418,2017
2948,4872,801,"11300",11585,"Burwood (A)",2534,430
4503,4381,1300,"11350",11264,"Byron (A)",449,625
1817,1150,831,"11400",4527,"Cabonne (A)",164,561
10890,5423,4098,"11450",23577,"Camden (A)",569,2606
17344,17836,6025,"11500",48395,"Campbelltown (C) (NSW)",3849,3345
10621,13990,2469,"11520",31541,"Canada Bay (A)",3324,1141
33949,40331,11388,"11570",104090,"Canterbury-Bankstown (A)",12363,6062
347,295,162,"11600",960,"Carrathool (A)",45,104
42632,44795,13763,"11650",117140,"Central Coast (C) (NSW)",8511,7441
132,236,52,"11700",591,"Central Darling (A)",98,66
7174,6398,2598,"11720",18644,"Cessnock (C)",1010,1470
7063,8043,2235,"11730",19564,"Clarence Valley (A)",1183,1039
638,584,219,"11750",1661,"Cobar (A)",122,95
10000,10654,2892,"11800",26658,"Coffs Harbour (C)",1696,1409
511,449,254,"12000",1416,"Coolamon (A)",52,156
423,488,180,"12150",1329,"Coonamble (A)",131,97
1738,1719,561,"12350",4685,"Cowra (A)",317,349
19840,24544,6340,"12380",61976,"Cumberland (A)",7633,3622
1294,902,537,"12700",3183,"Dungog (A)",87,361
1256,1165,409,"12730",3260,"Edward River (A)",227,199
5450,6297,1568,"12750",14749,"Eurobodalla (A)",775,662
17877,18668,7988,"12850",55104,"Fairfield (C)",6007,4562
1796,1795,572,"12870",4693,"Federation (A)",234,292
1310,1131,489,"12900",3394,"Forbes (A)",205,265
15397,19529,4560,"12930",47546,"Georges River (A)",5713,2347
523,513,238,"12950",1518,"Gilgandra (A)",106,145
1103,1323,409,"13010",3320,"Glen Innes Severn (A)",265,218
3779,3708,1467,"13310",10588,"Goulburn Mulwaree (A)",816,814
1406,1062,620,"13340",3594,"Greater Hume Shire (A)",108,397
3252,2615,1162,"13450",8195,"Griffith (C)",501,667
1500,1604,519,"13510",4202,"Gundagai (A)",289,288
1651,1507,619,"13550",4359,"Gunnedah (A)",229,352
683,643,336,"13660",1958,"Gwydir (A)",113,180
7948,5550,3502,"13800",20768,"Hawkesbury (C)",839,2928
394,374,137,"13850",1055,"Hay (A)",72,86
11108,12420,3198,"16380",30094,"Port Macquarie-Hastings (A)",1891,1472
9527,9159,3161,"16400",24714,"Port Stephens (A)",1085,1784
7615,6331,2889,"16490",19585,"Queanbeyan-Palerang Regional (A)",842,1905
13588,21683,3091,"16550",48993,"Randwick (C)",9347,1284
3131,3288,950,"16610",8418,"Richmond Valley (A)",571,479
10741,16573,2925,"16650",36824,"Rockdale (C)",5198,1393
12834,17897,3315,"16700",40520,"Ryde (C)",4917,1557
8889,7557,3192,"16900",22904,"Shellharbour (C)",1289,1980
13746,15177,4128,"16950",37088,"Shoalhaven (C)",1925,2116
3089,2201,1257,"17000",7584,"Singleton (A)",293,742
2866,2761,1132,"17040",7826,"Snowy Monaro Regional (A)",418,642
2019,1800,747,"17080",5224,"Snowy Valleys (A)",277,386
21664,11241,8086,"17420",47182,"The Hills Shire (A)",1015,5176
12523,14417,3627,"17550",34549,"Tweed (A)",2209,1774
1926,1656,764,"17620",4976,"Upper Hunter Shire (A)",261,364
1132,774,488,"17640",2853,"Upper Lachlan Shire (A)",85,377
873,696,311,"17650",2205,"Uralla (A)",90,231
8509,7754,2740,"17750",21741,"Wagga Wagga (C)",1340,1398
443,334,200,"17850",1152,"Walcha (A)",50,126
677,953,268,"17900",2371,"Walgett (A)",317,151
367,321,143,"17950",962,"Warren (A)",60,74
1235,1192,463,"18020",3414,"Warrumbungle Shire (A)",232,293
6508,11518,1251,"18050",24559,"Waverley (A)",4854,433
514,455,204,"18100",1397,"Weddin (A)",86,140
993,734,332,"18200",2414,"Wentworth (A)",165,196
6439,6016,2277,"18230",17007,"Western Plains Regional (A)",1120,1157
7836,11766,1765,"18250",25863,"Willoughby (C)",3856,641
6842,6038,2385,"18350",17312,"Wingecarribee (A)",653,1388
5746,3060,2964,"18400",14668,"Wollondilly (A)",369,2532
25623,26541,8279,"18450",71536,"Wollongong (C)",6832,4268
6227,9507,1386,"18500",20702,"Woollahra (A)",2975,610
2227,1270,1075,"18710",5423,"Yass Valley (A)",150,695
82,130,39,"19399",341,"Unincorporated NSW",32,51
1826,1830,645,"20110",4906,"Alpine (S)",219,381
1475,1470,582,"20260",4177,"Ararat (RC)",289,352
14247,13945,4242,"20570",37221,"Ballarat (C)",2605,2187
17725,15691,4899,"20660",43493,"Banyule (C)",2752,2425
4901,5318,1369,"20740",12939,"Bass Coast (S)",752,599
6836,5293,2612,"20830",17079,"Baw Baw (S)",659,1681
14911,12083,3865,"20910",34432,"Bayside (C)",1861,1703
1988,1937,728,"21010",5403,"Benalla (RC)",339,417
22941,22230,6254,"21110",59055,"Boroondara (C)",4852,2779
22247,19657,8468,"21180",59143,"Brimbank (C)",4398,4371
822,791,338,"21270",2362,"Buloke (S)",141,269
5269,4193,1989,"21370",13363,"Campaspe (S)",678,1226
13014,8601,4688,"21450",30242,"Cardinia (S)",883,3059
40418,24443,13936,"21610",89570,"Casey (C)",2907,7859
1829,1984,634,"21670",5217,"Central Goldfields (S)",375,389
2897,2763,1065,"21750",7779,"Colac-Otway (S)",435,620
2167,1788,912,"21830",5825,"Corangamite (S)",272,677
16280,23971,3967,"21890",53151,"Darebin (C)",7162,1768
6653,6097,2221,"22110",16950,"East Gippsland (S)",842,1137
19286,17131,5685,"22170",48091,"Frankston (C)",2999,2982
1517,1307,609,"22250",4045,"Gannawarra (S)",210,406
8388,7382,3014,"22830",21784,"Greater Shepparton (C)",1301,1710
2231,1965,849,"22910",5844,"Hepburn (S)",252,544
774,721,342,"22980",2232,"Hindmarsh (S)",126,267
11994,12482,3147,"23110",31651,"Hobsons Bay (C)",2504,1519
2818,2585,1008,"23190",7497,"Horsham (RC)",491,602
23848,17909,8619,"23270",58285,"Hume (C)",2881,5025
2340,1629,985,"23350",5771,"Indigo (S)",189,628
22023,20397,5880,"23430",54718,"Kingston (C) (Vic.)",3668,2745
22537,15499,8002,"23670",52512,"Knox (C)",2047,4438
9894,9963,3352,"23810",27118,"Latrobe (C) (Vic.)",2093,1818
994,857,459,"23940",2856,"Loddon (S)",132,406
6666,3840,2709,"24130",15409,"Macedon Ranges (S)",405,1785
16862,11797,5712,"24210",39307,"Manningham (C)",1647,3295
1239,1030,480,"24250",3151,"Mansfield (S)",116,290
9189,13433,1996,"24330",29706,"Maribyrnong (C)",4294,792
16294,13468,4796,"24410",39080,"Maroondah (C)",1934,2583
6213,21704,911,"24600",57290,"Melbourne (C)",28135,325
18425,11498,5952,"24650",40442,"Melton (C)",1354,3218
7151,6705,2491,"24780",19188,"Mildura (RC)",1354,1482
5330,3798,2140,"24850",13275,"Mitchell (S)",492,1518
3844,3562,1524,"24900",10464,"Moira (S)",550,988
24478,21447,7176,"24970",61077,"Monash (C)",4819,3157
15079,16667,4143,"25060",42323,"Moonee Valley (C)",4453,1987
4273,2980,1880,"25150",10804,"Moorabool (S)",371,1298
23494,19324,7254,"25340",56291,"Mornington Peninsula (S)",2429,3793
3529,5173,1150,"17100",12228,"Strathfield (A)",1781,588
30588,24168,9680,"17150",74722,"Sutherland Shire (A)",4377,5910
9944,37556,1248,"17200",83945,"Sydney (C)",34688,516
8090,7306,2698,"17310",20870,"Tamworth Regional (A)",1320,1455
840,765,311,"17350",2257,"Temora (A)",164,184
921,1049,306,"17400",2635,"Tenterfield (A)",152,209
19021,21194,4260,"22310",51246,"Glen Eira (C)",4872,1895
2699,2496,1137,"22410",7378,"Glenelg (S)",362,685
3059,1269,1491,"22490",6996,"Golden Plains (S)",78,1099
15758,13756,5385,"22620",40051,"Greater Bendigo (C)",2322,2829
16250,17295,5845,"22670",46541,"Greater Dandenong (C)",4255,2899
33500,30921,9792,"22750",84616,"Greater Geelong (C)",5535,4869
2608,2690,917,"25430",7164,"Mount Alexander (S)",377,572
2334,1532,962,"25490",5762,"Moyne (S)",172,751
1980,1522,827,"25620",5062,"Murrindindi (S)",161,580
8761,3989,3690,"25710",19478,"Nillumbik (S)",376,2660
1637,1572,645,"25810",4548,"Northern Grampians (S)",325,367
10754,23341,1531,"25900",44393,"Port Phillip (C)",8184,583
1031,745,417,"25990",2628,"Pyrenees (S)",95,348
449,528,97,"26080",1171,"Queenscliffe (B)",51,44
4118,3450,1617,"26170",10589,"South Gippsland (S)",416,988
2170,2072,909,"26260",6129,"Southern Grampians (S)",349,625
12101,19571,2659,"26350",43063,"Stonnington (C)",7470,1263
1541,1394,581,"26430",4053,"Strathbogie (S)",172,362
4635,2888,1494,"26490",10106,"Surf Coast (S)",260,832
2610,2291,941,"26610",6914,"Swan Hill (RC)",465,609
865,682,377,"26670",2249,"Towong (S)",72,262
4129,3610,1381,"26700",10576,"Wangaratta (RC)",586,858
4874,4593,1338,"26730",12227,"Warrnambool (C)",766,666
5918,5286,2249,"26810",15662,"Wellington (S)",827,1382
549,445,266,"26890",1539,"West Wimmera (S)",54,227
22491,21768,5659,"26980",57279,"Whitehorse (C)",4834,2534
26507,19353,8606,"27070",62021,"Whittlesea (C)",2967,4582
5795,4829,1722,"27170",13904,"Wodonga (C)",781,783
28918,21795,8348,"27260",65408,"Wyndham (C)",2429,3921
7900,17996,1452,"27350",35409,"Yarra (C)",7653,414
21314,13954,8234,"27450",50689,"Yarra Ranges (S)",1576,5607
908,887,379,"27630",2578,"Yarriambiack (S)",141,262
85,224,18,"29399",513,"Unincorporated Vic",177,11
19,56,4,"30250",270,"Aurukun (S)",187,0
565,466,262,"30300",1561,"Balonne (S)",80,187
1869,1476,880,"30370",5074,"Banana (S)",225,628
389,475,162,"30410",1251,"Barcaldine (R)",62,155
43,53,18,"30450",144,"Barcoo (S)",8,22
218,297,122,"30760",778,"Blackall-Tambo (R)",52,84
560,670,203,"34710",1675,"Longreach (R)",121,127
16261,13082,5780,"34770",39866,"Mackay (R)",2092,2646
91,126,47,"34800",327,"McKinlay (S)",14,48
22,28,0,"34830",88,"Mapoon (S)",39,0
1669,1433,716,"34860",4561,"Maranoa (R)",226,519
2695,2506,1027,"34880",7336,"Mareeba (S)",498,619
57282,48268,20202,"35010",144577,"Moreton Bay (R)",7217,11601
44,90,3,"35250",267,"Mornington (S)",128,4
2368,2110,762,"35300",6060,"Mount Isa (C)",460,361
572,624,229,"35600",1675,"Murweh (S)",124,128
40,84,8,"35670",247,"Napranum (S)",114,5
8033,7678,2529,"35740",20287,"Noosa (S)",890,1166
1375,1396,589,"35760",3965,"North Burnett (R)",224,379
155,325,36,"35780",749,"Northern Peninsula Area (R)",206,16
52,151,13,"35790",479,"Palm Island (S)",267,0
212,258,96,"35800",702,"Paroo (S)",67,79
33,84,13,"36070",234,"Pormpuraaw (S)",105,6
111,122,39,"36150",330,"Quilpie (S)",19,36
20723,16146,7767,"36250",51383,"Redland (C)",2452,4298
107,118,53,"36300",339,"Richmond (S)",20,46
10371,10144,3562,"36370",27823,"Rockhampton (R)",2014,1733
5423,4137,2246,"36510",13757,"Scenic Rim (R)",406,1538
3135,2688,1388,"36580",8365,"Somerset (R)",275,878
4303,4516,1589,"36630",11984,"South Burnett (R)",636,940
4753,4604,1835,"36660",13063,"Southern Downs (R)",800,1069
42863,39307,13738,"36720",107724,"Sunshine Coast (R)",4861,6955
3553,3573,1229,"36820",9440,"Tablelands (R)",466,621
21706,19810,7571,"36910",56698,"Toowoomba (R)",3316,4298
190,335,50,"36950",825,"Torres (S)",214,36
79,297,15,"36960",985,"Torres Strait Island (R)",593,7
26204,22961,8213,"37010",64910,"Townsville (C)",3774,3756
42,64,13,"30900",165,"Boulia (S)",23,20
148191,151000,43409,"31000",396029,"Brisbane (C)",33753,19678
41,53,17,"31750",134,"Bulloo (S)",10,22
12894,13900,4090,"31820",35069,"Bundaberg (R)",2177,1999
2569,2092,971,"31900",6502,"Burdekin (S)",379,480
32,104,11,"31950",170,"Burke (S)",19,9
20957,21250,6023,"32080",54967,"Cairns (R)",4074,2661
298,515,79,"32250",1027,"Carpentaria (S)",84,51
4142,4416,1237,"32260",11056,"Cassowary Coast (R)",733,526
3726,3132,1422,"32270",9462,"Central Highlands (R) (Qld)",345,840
1487,1682,547,"32310",4357,"Charters Towers (R)",300,341
36,98,17,"32330",281,"Cherbourg (S)",128,3
346,428,108,"32450",1079,"Cloncurry (S)",113,78
506,723,172,"32500",1658,"Cook (S)",164,96
29,48,6,"32600",105,"Croydon (S)",4,17
554,312,204,"37300",1174,"Weipa (T)",28,77
4047,3678,1737,"37310",11188,"Western Downs (R)",579,1149
4340,4554,1383,"37340",11689,"Whitsunday (R)",767,645
34,64,12,"32750",135,"Diamantina (S)",16,11
1350,1092,538,"41140",3477,"Clare and Gilbert Valleys (DC)",135,359
29,87,0,"32770",252,"Doomadgee (S)",127,7
1589,2120,447,"32810",4700,"Douglas (S)",352,188
125,172,56,"33100",413,"Etheridge (S)",21,35
206,208,103,"33200",620,"Flinders (S) (Qld)",33,68
13505,16476,4335,"33220",38886,"Fraser Coast (R)",2551,2022
9039,7107,3154,"33360",21671,"Gladstone (R)",920,1451
77190,70702,24353,"33430",194963,"Gold Coast (C)",10478,12233
1492,1212,566,"33610",3780,"Goondiwindi (R)",185,327
6808,6892,2449,"33620",18511,"Gympie (R)",948,1415
1698,1560,578,"33800",4342,"Hinchinbrook (S)",206,299
46,98,18,"33830",237,"Hope Vale (S)",75,3
24509,20755,8639,"33960",61873,"Ipswich (C)",3471,4504
2748,2078,978,"33980",6584,"Isaac (R)",209,564
34,80,7,"34420",242,"Kowanyama (S)",122,4
4973,4279,1856,"34530",12689,"Livingstone (S)",557,1030
31,73,7,"34570",178,"Lockhart River (S)",68,0
4871,3402,2147,"34580",12340,"Lockyer Valley (R)",458,1464
36459,29292,14641,"34590",94401,"Logan (C)",4873,9135
186,270,63,"37400",604,"Winton (S)",40,41
28,78,3,"37550",236,"Woorabinda (S)",121,0
11,23,3,"37570",78,"Wujal Wujal (S)",43,0
88,189,31,"37600",464,"Yarrabah (S)",141,14
1535,4044,225,"40070",8698,"Adelaide (C)",2783,103
6036,3316,2379,"40120",13557,"Adelaide Hills (DC)",289,1538
3875,3660,1376,"40220",10057,"Alexandrina (DC)",345,795
49,211,21,"40250",522,"Anangu Pitjantjatjara (AC)",235,10
3567,2728,1328,"40310",8813,"Barossa (DC)",297,894
379,383,141,"40430",1050,"Barunga West (DC)",47,96
1466,1484,521,"40520",4085,"Berri and Barmera (DC)",298,317
6602,6189,1852,"40700",16576,"Burnside (C)",1081,848
6968,7298,2076,"40910",18876,"Campbelltown (C) (SA)",1515,1017
513,492,193,"41010",1463,"Ceduna (DC)",145,120
15425,16978,4579,"41060",43284,"Charles Sturt (C)",4238,2056
255,249,125,"41190",765,"Cleve (DC)",38,93
237,320,72,"41330",725,"Coober Pedy (DC)",66,34
2137,2174,688,"41560",5665,"Copper Coast (DC)",319,346
162,149,81,"41750",460,"Elliston (DC)",16,43
245,253,94,"41830",698,"Flinders Ranges (DC)",41,65
183,160,81,"41960",512,"Franklin Harbour (DC)",25,61
3135,3407,1052,"42030",8842,"Gawler (T)",701,553
605,500,269,"42110",1638,"Goyder (DC)",57,205
1108,516,553,"42250",2663,"Grant (DC)",34,450
5213,6152,1334,"42600",14632,"Holdfast Bay (C)",1374,567
740,629,229,"42750",1816,"Kangaroo Island (DC)",92,128
127,114,84,"43080",415,"Karoonda East Murray (DC)",11,72
157,96,76,"43220",394,"Kimba (DC)",9,57
364,298,141,"43360",926,"Kingston (DC) (SA)",37,90
2097,1132,949,"43650",4940,"Light (RegC)",98,669
861,494,348,"43710",1947,"Lower Eyre Peninsula (DC)",44,199
1678,1398,674,"43790",4415,"Loxton Waikerie (DC)",213,452
1176,637,642,"43920",2956,"Mallala (DC)",53,448
3,3,0,"44000",15,"Maralinga Tjarutja (AC)",8,0
12710,13478,3695,"44060",34537,"Marion (C)",3147,1503
1228,1229,553,"44210",3498,"Mid Murray (DC)",142,347
9777,7906,2941,"44340",23410,"Mitcham (C)",1303,1481
5014,3475,1844,"44550",11797,"Mount Barker (DC)",441,1027
3688,4010,1133,"44620",10086,"Mount Gambier (C)",770,486
367,350,228,"44830",1149,"Mount Remarkable (DC)",31,175
2656,2798,1056,"45040",7691,"Murray Bridge (RC)",567,618
1210,905,509,"45090",3081,"Naracoorte and Lucindale (DC)",136,317
639,578,299,"45120",1802,"Northern Areas (DC)",73,212
4666,6459,1206,"45290",14599,"Norwood Payneham St Peters (C)",1760,507
24174,22302,7990,"45340",61626,"Onkaparinga (C)",3405,3748
124,97,71,"45400",357,"Orroroo/Carrieton (DC)",19,52
200,331,91,"45540",747,"Peterborough (DC)",88,37
10641,11794,3265,"45680",30560,"Playford (C)",3201,1667
15608,18655,4326,"45890",45448,"Port Adelaide Enfield (C)",5023,1832
1678,2010,572,"46090",4998,"Port Augusta (C)",501,237
2046,1972,604,"46300",5249,"Port Lincoln (C)",406,222
2207,2630,761,"46450",6749,"Port Pirie City and Dists (M)",680,462
2908,2809,857,"46510",7617,"Prospect (C)",665,386
1328,1261,487,"46670",3586,"Renmark Paringa (DC)",209,289
218,197,82,"46860",572,"Robe (DC)",19,50
575,349,162,"46970",1196,"Roxby Downs (M)",31,73
18065,18181,5764,"47140",48247,"Salisbury (C)",3579,2654
278,199,138,"47290",747,"Southern Mallee (DC)",29,99
317,263,133,"47490",814,"Streaky Bay (DC)",23,74
942,676,399,"47630",2392,"Tatiara (DC)",99,272
14919,12216,4696,"47700",35914,"Tea Tree Gully (C)",1685,2397
744,661,338,"47800",2073,"The Coorong (DC)",93,236
411,410,137,"47910",1108,"Tumby Bay (DC)",52,93
5171,6012,1410,"47980",14531,"Unley (C)",1337,595
2129,2824,571,"48050",6174,"Victor Harbor (C)",377,273
917,859,401,"48130",2537,"Wakefield (DC)",88,273
441,390,180,"51960",1178,"Coolgardie (S)",70,101
175,134,87,"52030",454,"Coorow (S)",12,50
1022,1124,352,"48260",2906,"Walkerville (M)",253,155
1681,1375,732,"48340",4426,"Wattle Range (DC)",207,427
7549,9732,2102,"48410",22767,"West Torrens (C)",2465,924
2712,3355,932,"48540",8510,"Whyalla (C)",1129,375
174,128,106,"48640",486,"Wudinna (DC)",20,58
805,828,269,"48750",2126,"Yankalilla (DC)",65,154
1740,1750,575,"48830",4686,"Yorke Peninsula (DC)",208,420
325,583,143,"49399",1335,"Unincorporated SA",140,144
5045,4325,1919,"50080",13166,"Albany (C)",628,1253
11156,8097,3942,"50210",26844,"Armadale (C)",1184,2468
831,1056,228,"50250",2384,"Ashburton (S)",128,137
2199,1637,805,"50280",5112,"Augusta-Margaret River (S)",125,350
2144,2163,683,"50350",5765,"Bassendean (T)",436,345
9218,9370,2791,"50420",24438,"Bayswater (C)",1697,1367
5223,5577,1503,"50490",14226,"Belmont (C)",1102,818
217,193,122,"50560",648,"Beverley (S)",15,97
249,153,120,"50630",625,"Boddington (S)",27,75
226,161,119,"50770",643,"Boyup Brook (S)",16,119
708,585,275,"50840",1825,"Bridgetown-Greenbushes (S)",66,187
121,107,53,"50910",356,"Brookton (S)",17,64
2133,2876,692,"50980",6694,"Broome (S)",664,326
112,73,69,"51080",352,"Broomehill-Tambellup (S)",8,83
129,114,63,"51120",365,"Bruce Rock (S)",27,41
4591,4681,1374,"51190",12101,"Bunbury (C)",873,577
5306,4311,1846,"51260",12819,"Busselton (C)",457,903
3885,2877,1276,"51310",9162,"Cambridge (T)",447,680
12211,9538,4448,"51330",30182,"Canning (C)",1530,2461
2403,1338,1006,"51400",5473,"Capel (S)",103,625
89,79,23,"51470",234,"Carnamah (S)",8,37
786,1254,259,"51540",2680,"Carnarvon (S)",215,163
188,88,96,"51610",459,"Chapman Valley (S)",4,80
634,281,412,"51680",1728,"Chittering (S)",14,387
1459,1497,405,"51750",3783,"Claremont (T)",229,190
15453,10716,5195,"51820",35746,"Cockburn (C)",1566,2808
1165,955,537,"51890",3177,"Collie (S)",174,351
121,124,67,"52100",415,"Corrigin (S)",28,71
1182,941,406,"52170",2784,"Cottesloe (T)",97,159
129,90,71,"52240",376,"Cranbrook (S)",16,72
112,79,53,"52310",297,"Cuballing (S)",0,52
27,51,13,"52380",95,"Cue (S)",4,4
189,130,63,"52450",477,"Cunderdin (S)",17,72
211,129,81,"52520",490,"Dalwallinu (S)",10,65
487,401,216,"52590",1291,"Dandaragan (S)",34,148
2024,1307,853,"52660",4751,"Dardanup (S)",115,459
920,738,304,"52730",2211,"Denmark (S)",77,165
575,1052,157,"52800",2540,"Derby-West Kimberley (S)",662,96
832,567,375,"52870",2103,"Donnybrook-Balingup (S)",54,278
96,88,49,"52940",267,"Dowerin (S)",4,31
83,66,43,"53010",255,"Dumbleyung (S)",4,50
99,138,23,"53080",310,"Dundas (S)",26,21
1152,873,368,"53150",2679,"East Fremantle (T)",126,162
624,674,182,"53220",1810,"East Pilbara (S)",221,120
1843,1412,746,"53290",4764,"Esperance (S)",247,516
497,835,186,"53360",1702,"Exmouth (S)",70,107
4026,4602,1136,"53430",11296,"Fremantle (C)",1062,464
734,486,352,"53570",1884,"Gingin (S)",37,276
145,116,68,"53640",414,"Gnowangerup (S)",11,74
3850,3181,1520,"54280",9820,"Kalgoorlie/Boulder (C)",480,791
2690,1892,1080,"54310",6566,"Karratha (C)",351,550
142,110,65,"53710",381,"Goomalling (S)",11,55
15251,11922,5869,"53780",38169,"Gosnells (C)",1642,3482
5203,4398,1998,"53800",13494,"Greater Geraldton (C)",760,1141
142,352,41,"53920",887,"Halls Creek (S)",316,35
3782,2321,1537,"53990",8783,"Harvey (S)",197,952
535,475,248,"54060",1449,"Irwin (S)",58,130
150,87,89,"54130",398,"Jerramungup (S)",9,60
23799,14013,8912,"54170",53109,"Joondalup (C)",1445,4933
7945,5342,3518,"54200",19718,"Kalamunda (S)",544,2374
486,409,222,"54340",1335,"Katanning (S)",81,134
139,123,66,"54410",424,"Kellerberrin (S)",27,74
57,46,44,"54480",193,"Kent (S)",0,44
264,177,98,"54550",724,"Kojonup (S)",35,154
95,85,46,"54620",308,"Kondinin (S)",21,61
73,51,19,"54690",173,"Koorda (S)",6,32
103,62,57,"54760",291,"Kulin (S)",12,59
5074,4231,1714,"54830",12581,"Kwinana (C)",641,916
141,125,85,"54900",471,"Lake Grace (S)",28,94
53,83,16,"54970",198,"Laverton (S)",48,3
97,170,20,"55040",356,"Leonora (S)",40,23
11311,11503,3670,"55110",29756,"Mandurah (C)",1417,1859
1298,1064,546,"55180",3450,"Manjimup (S)",182,354
59,108,24,"55250",236,"Meekatharra (S)",34,13
14835,11281,5044,"55320",35332,"Melville (C)",1602,2577
72,57,29,"55950",206,"Mukinbudin (S)",8,38
17,39,4,"55390",98,"Menzies (S)",34,3
448,350,183,"55460",1207,"Merredin (S)",97,122
72,69,26,"55530",214,"Mingenew (S)",8,30
5003,2925,2400,"56090",12640,"Mundaring (S)",343,1971
269,244,151,"55600",838,"Moora (S)",46,131
88,105,28,"55670",271,"Morawa (S)",17,34
41,21,13,"56860",93,"Nungarin (S)",0,12
1248,1189,368,"55740",3246,"Mosman Park (T)",267,178
47,80,12,"55810",173,"Mount Magnet (S)",24,18
66,52,32,"55880",208,"Mount Marshall (S)",4,48
10,26,3,"56160",54,"Murchison (S)",6,4
2218,1811,988,"56230",5899,"Murray (S)",155,717
220,157,92,"56300",529,"Nannup (S)",22,43
99,88,48,"56370",297,"Narembeen (S)",12,51
592,637,240,"56460",1764,"Narrogin (S)",109,179
3308,1933,1050,"56580",7058,"Nedlands (C)",253,525
36,146,12,"56620",367,"Ngaanyatjarraku (S)",174,3
1330,1183,599,"56730",3799,"Northam (S)",219,468
554,682,198,"56790",1656,"Northampton (S)",75,148
223,121,72,"56930",507,"Peppermint Grove (S)",14,73
13,10,8,"57630",42,"Sandstone (S)",3,10
3507,1587,1641,"57700",8277,"Serpentine-Jarrahdale (S)",85,1448
216,451,53,"57770",805,"Shark Bay (S)",50,31
6261,6460,1669,"57840",16181,"South Perth (C)",994,802
31292,30362,8704,"57910",79716,"Stirling (C)",5143,4209
2466,3766,492,"57980",7812,"Subiaco (C)",897,191
18287,12563,6924,"58050",43610,"Swan (C)",1695,4147
47,35,22,"58190",137,"Tammin (S)",4,26
78,73,30,"58260",215,"Three Springs (S)",6,25
61,48,29,"57000",179,"Perenjori (S)",12,38
1582,5032,197,"57080",8875,"Perth (C)",1989,69
133,144,65,"57140",439,"Pingelly (S)",34,63
666,506,333,"57210",1833,"Plantagenet (S)",61,263
1725,1353,710,"57280",4349,"Port Hedland (T)",243,315
134,131,58,"57350",387,"Quairading (S)",19,47
215,193,82,"57420",619,"Ravensthorpe (S)",33,92
17420,13541,6001,"57490",41606,"Rockingham (C)",1680,2967
799,515,438,"65010",2179,"Southern Midlands (M)",68,359
360,350,127,"65210",936,"Tasman (M)",29,71
1921,1871,715,"65410",5248,"Waratah/Wynyard (M)",371,372
613,768,176,"65610",1779,"West Coast (M)",160,65
3358,2667,1350,"65810",8447,"West Tamar (M)",293,774
604,438,332,"58330",1678,"Toodyay (S)",35,270
40,47,32,"58400",140,"Trayning (S)",4,22
17,47,3,"58470",89,"Upper Gascoyne (S)",19,3
4633,5610,1210,"58510",13239,"Victoria Park (T)",1283,504
2855,3293,1019,"70200",8313,"Alice Springs (T)",676,467
124,85,57,"58540",341,"Victoria Plains (S)",5,67
4612,5816,1054,"58570",13159,"Vincent (C)",1251,419
254,221,98,"58610",702,"Wagin (S)",35,92
54,25,35,"58680",162,"Wandering (S)",3,44
26107,17792,9508,"58760",60232,"Wanneroo (C)",1891,4935
508,381,275,"58820",1405,"Waroona (S)",33,203
126,69,61,"58890",320,"West Arthur (S)",3,69
41,16,11,"59030",83,"Westonia (S)",0,20
4780,3101,1458,"72800",10438,"Palmerston (C)",476,621
263,686,69,"73600",1586,"Roper Gulf (R)",509,52
23,148,11,"74050",556,"Tiwi Islands (R)",370,7
165,316,42,"74550",748,"Victoria Daly (R)",191,30
91,59,53,"59100",267,"Wickepin (S)",4,52
64,86,24,"74560",184,"Wagait (S)",4,9
243,571,48,"74660",1342,"West Arnhem (R)",462,22
34,148,23,"74680",454,"West Daly (R)",255,3
774,1241,188,"79399",2639,"Unincorporated NT",358,83
134,76,63,"59170",341,"Williams (S)",8,59
23,57,10,"59250",131,"Wiluna (S)",34,3
56076,53886,15652,"89399",140752,"Unincorporated ACT",8070,7067
530,475,184,"99399",1387,"Unincorp. Other Territories",80,110
211,173,95,"59310",552,"Wongan-Ballidu (S)",19,59
50,28,30,"59320",145,"Woodanilling (S)",0,37
71,63,22,"59330",202,"Wyalkatchem (S)",20,26
801,1255,248,"59340",2880,"Wyndham-East Kimberley (S)",386,186
13,27,8,"59350",58,"Yalgoo (S)",7,8
135,139,68,"59360",411,"Yilgarn (S)",16,52
504,438,231,"59370",1366,"York (S)",46,154
924,967,343,"60210",2542,"Break O'Day (M)",150,166
1942,1815,862,"60410",5607,"Brighton (M)",450,542
2580,2919,838,"60610",7321,"Burnie (C)",595,393
3023,2788,1242,"60810",8191,"Central Coast (M) (Tas.)",450,682
331,293,146,"61010",894,"Central Highlands (M) (Tas.)",23,105
1150,913,437,"61210",2830,"Circular Head (M)",125,210
7992,7261,2702,"61410",20603,"Clarence (C)",1268,1383
1263,1195,586,"61510",3670,"Derwent Valley (M)",291,339
3248,3783,1142,"61610",9576,"Devonport (C)",865,537
941,867,392,"61810",2592,"Dorset (M)",113,281
155,127,57,"62010",405,"Flinders (M) (Tas.)",36,28
893,893,347,"62210",2531,"George Town (M)",206,188
716,658,227,"62410",1807,"Glamorgan/Spring Bay (M)",77,128
5681,7281,1800,"62610",17900,"Glenorchy (C)",2162,974
6311,8664,1750,"62810",19645,"Hobart (C)",2195,722
2390,2023,911,"63010",6089,"Huon Valley (M)",217,554
854,595,401,"63210",2183,"Kentish (M)",68,277
248,211,90,"63410",634,"King Island (M)",37,44
5435,4494,1803,"63610",13132,"Kingborough (M)",508,889
1588,1317,639,"63810",4037,"Latrobe (M) (Tas.)",139,346
8373,9718,2757,"64010",24763,"Launceston (C)",2475,1438
2718,2264,1141,"64210",7214,"Meander Valley (M)",323,770
1789,1487,821,"64610",4772,"Northern Midlands (M)",188,484
2115,1801,838,"64810",5388,"Sorell (M)",178,456
333,810,105,"70420",1821,"Barkly (R)",494,80
0,19,0,"70540",33,"Belyuen (S)",13,0
98,274,31,"70620",750,"Central Desert (R)",330,20
147,275,38,"70700",528,"Coomalie (S)",44,29
9836,9304,3109,"71000",25658,"Darwin (C)",1891,1513
119,383,30,"71300",1273,"East Arnhem (R)",734,6
1021,1091,334,"72200",2908,"Katherine (T)",268,192
2433,1566,1350,"72300",6527,"Litchfield (M)",142,1032
160,476,33,"72330",1136,"MacDonnell (R)",435,27
